{
  "notes": [
    {
      "id": 1,
      "title": "Read Angular5 blog",
      "text": "Shall do at 6 pm",
      "state": "not-started"
    },
    {
      "id": 2,
      "title": "Call Ravi",
      "text": "Track the new submissions",
      "state": "not-started"
    },
    {
      "title": "Capitalism",
      "text": "Mark Twain",
      "id": 3,
      "state": "completed"
    },
    {
      "title": "hello",
      "text": "dsd",
      "state": "started",
      "id": 4
    },
    {
      "title": "dksj",
      "text": "dcstfy",
      "state": "not-started",
      "id": 5
    },
    {
      "title": "asa",
      "text": "dksj",
      "state": "not-started",
      "id": 6
    }
  ]
}